epoch,loss,mse_u,mse_s,penalty
0,0.08150406181812286,0.03367144241929054,0.04783262312412262,0.0
1,0.07169103622436523,0.02919350005686283,0.0424974150955677,1.1999983939858794e-07
2,0.06283081322908401,0.025274088606238365,0.037556249648332596,4.774203716806369e-07
3,0.05488424748182297,0.02187378704547882,0.03300939500331879,1.0652423725332483e-06
4,0.04780786484479904,0.018949352204799652,0.028856642544269562,1.8716457361733774e-06
5,0.04155481979250908,0.01645476371049881,0.02509717456996441,2.879266503441613e-06
6,0.03607405349612236,0.014341919682919979,0.021728068590164185,4.064571839990094e-06
7,0.03130968287587166,0.012561187148094177,0.01874309591948986,5.397551376518095e-06
8,0.027200713753700256,0.011062338948249817,0.016131533309817314,6.842010407126509e-06
9,0.02368149906396866,0.009796117432415485,0.013877026736736298,8.356741091120057e-06
10,0.02068305015563965,0.008716430515050888,0.011956722475588322,9.897750715026632e-06
11,0.018135646358132362,0.007782889064401388,0.010341335088014603,1.142139717558166e-05
12,0.015972254797816277,0.0069630760699510574,0.008996290154755116,1.2887927368865348e-05
13,0.014132113195955753,0.0062338728457689285,0.00788397528231144,1.4264611309044994e-05
14,0.012563311494886875,0.005581233650445938,0.006966549437493086,1.552778485347517e-05
15,0.011223815381526947,0.004998613148927689,0.006208539474755526,1.6663465430610813e-05
16,0.010080836713314056,0.004484482109546661,0.005578686948865652,1.7666727217147127e-05
17,0.009109064936637878,0.004039724823087454,0.005050800275057554,1.8540205928729847e-05
18,0.00828850269317627,0.0036654111463576555,0.004603799432516098,1.9292272554594092e-05
19,0.007602366153150797,0.003361256094649434,0.0042211744002997875,1.993520163523499e-05
20,0.007035422138869762,0.0031247464939951897,0.0038901923689991236,2.0483541447902098e-05
21,0.006572874262928963,0.0029508890584111214,0.003601032542064786,2.095275885949377e-05
22,0.0061997962184250355,0.002832402242347598,0.0033460359554737806,2.135819522663951e-05
23,0.0059010121040046215,0.0027602193877100945,0.0031190786976367235,2.171424603147898e-05
24,0.005661382339894772,0.002724176039919257,0.002915172604843974,2.2033807908883318e-05
25,0.005466304253786802,0.0027137622237205505,0.002730214037001133,2.232791121059563e-05
26,0.005302336532622576,0.0027188544627279043,0.0025608763098716736,2.2605509002460167e-05
27,0.005157770123332739,0.002730334410443902,0.0024045624304562807,2.287339884787798e-05
28,0.005023089703172445,0.0027405594009906054,0.002259393921121955,2.3136257368605584e-05
29,0.004891207441687584,0.0027436446398496628,0.002124166116118431,2.3396703909384087e-05
30,0.004757435992360115,0.002735546790063381,0.001998233376070857,2.3655429686186835e-05
31,0.004619264975190163,0.002713998081162572,0.0018813555361703038,2.391135240031872e-05
32,0.004475955851376057,0.0026783000212162733,0.0017734939465299249,2.4161781766451895e-05
33,0.004328032955527306,0.0026290379464626312,0.0016745926113799214,2.4402619601460174e-05
34,0.00417677266523242,0.0025677429512143135,0.001584401004947722,2.4628609025967307e-05
35,0.004023746121674776,0.002496565692126751,0.0015023465966805816,2.483363641658798e-05
36,0.003870466724038124,0.002417957643046975,0.0014274980640038848,2.5011087927850895e-05
37,0.0037182020023465157,0.002334423130378127,0.0013586245477199554,2.5154280592687428e-05
38,0.0035679135471582413,0.0022483179345726967,0.0012943386100232601,2.5256904336856678e-05
39,0.0034203152172267437,0.002161721931770444,0.0012332797050476074,2.531350401113741e-05
40,0.0032760249450802803,0.002076380420476198,0.0011743245413526893,2.5319899577880278e-05
41,0.0031357037369161844,0.0019936845637857914,0.001116745756007731,2.52735371759627e-05
42,0.0030001832637935877,0.0019147004932165146,0.0010603091213852167,2.517369284760207e-05
43,0.002870506839826703,0.001840210985392332,0.0010052743600681424,2.502157622075174e-05
44,0.0027478886768221855,0.0017707603983581066,0.0009523080661892891,2.482021773175802e-05
45,0.0026335937436670065,0.0017066975124180317,0.0009023218881338835,2.4574255803599954e-05
46,0.0025287866592407227,0.0016482090577483177,0.0008562879520468414,2.4289589418913238e-05
47,0.002434368012472987,0.0015953482361510396,0.0008150467765517533,2.3972965209395625e-05
48,0.002350845141336322,0.0015480496222153306,0.0007791637908667326,2.3631504518561997e-05
49,0.0022782674059271812,0.0015061531448736787,0.0007488420233130455,2.3272270482266322e-05
50,0.0022162243258208036,0.001469415263272822,0.0007239072001539171,2.290184966113884e-05
51,0.002163919387385249,0.0014375364407896996,0.0007038568146526814,2.252602280350402e-05
52,0.002120274119079113,0.0014101701090112329,0.0006879546563141048,2.214949745393824e-05
53,0.002084063133224845,0.0013869433896616101,0.0006753440829925239,2.1775755158159882e-05
54,0.0020540303084999323,0.0013674594229087234,0.0006651640287600458,2.140698597941082e-05
55,0.0020289896056056023,0.0013513037702068686,0.0006566415540874004,2.104412305925507e-05
56,0.002007870003581047,0.001338034518994391,0.0006491485401056707,2.0686933567048982e-05
57,0.0019897413440048695,0.001327182981185615,0.0006422240403480828,2.0334224245743826e-05
58,0.001973795937374234,0.0013182462425902486,0.0006355656660161912,1.998405423364602e-05
59,0.001959320157766342,0.0013106913538649678,0.0006289949524216354,1.9634007912827656e-05
60,0.001945676514878869,0.0013039723271504045,0.0006224226672202349,1.9281482309452258e-05
61,0.0019322787411510944,0.001297547365538776,0.0006158074247650802,1.892396539915353e-05
62,0.001918603084050119,0.001290912856347859,0.0006091310060583055,1.8559292584541254e-05
63,0.0019042011117562652,0.0012836334062740207,0.000602381827775389,1.8185846784035675e-05
64,0.0018887274200096726,0.001275372807867825,0.0005955519154667854,1.7802714864956215e-05
65,0.0018719664076343179,0.0012659147614613175,0.0005886417930014431,1.7409749489161186e-05
66,0.0018538380973041058,0.001255167298950255,0.0005816631601192057,1.700757820799481e-05
67,0.001834397786296904,0.0012431585928425193,0.000574641628190875,1.6597530702711083e-05
68,0.0018138152081519365,0.0012300164671614766,0.0005676172440871596,1.6181505998247303e-05
69,0.0017923366976901889,0.0012159404577687383,0.0005606344784609973,1.5761808754177764e-05
70,0.0017702453769743443,0.001201168168336153,0.0005537362303584814,1.5340952813858166e-05
71,0.0017478249501436949,0.0011859465157613158,0.0005469570169225335,1.4921464753570035e-05
72,0.0017253293190151453,0.0011705062352120876,0.0005403173854574561,1.4505716535495594e-05
73,0.0017029691953212023,0.0011550470953807235,0.0005338263581506908,1.409576361766085e-05
74,0.0016809036023914814,0.0011397275375202298,0.0005274828872643411,1.3693253094970714e-05
75,0.0016592490719631314,0.0011246675858274102,0.0005212820251472294,1.3299348211148754e-05
76,0.0016380887245759368,0.0011099515249952674,0.0005152223748154938,1.2914722901768982e-05
77,0.0016174803022295237,0.0010956363985314965,0.0005093042855150998,1.2539570889202878e-05
78,0.0015974618727341294,0.0010817579459398985,0.0005035302019678056,1.2173670256743208e-05
79,0.0015780585817992687,0.0010683395667001605,0.0004979025106877089,1.1816461665148381e-05
80,0.0015592752024531364,0.0010553925530984998,0.0004924155073240399,1.1467148397059646e-05
81,0.0015410984633490443,0.001042921096086502,0.00048705260269343853,1.1124799129902385e-05
82,0.0015234925085678697,0.0010309215867891908,0.00048178245197050273,1.0788453437271528e-05
83,0.0015064030885696411,0.0010193834314122796,0.00047656241804361343,1.045721637638053e-05
84,0.0014897576766088605,0.0010082885855808854,0.0004713387752417475,1.013032942864811e-05
85,0.0014734772266820073,0.0009976119035854936,0.0004660580598283559,9.807236892811488e-06
86,0.001457482110708952,0.00098732381593436,0.00046067064977250993,9.487610441283323e-06
87,0.0014417001511901617,0.000977388583123684,0.00045514022349379957,9.171361853077542e-06
88,0.0014260734897106886,0.0009677683119662106,0.0004494465247262269,8.858633009367622e-06
89,0.001410560216754675,0.0009584237704984844,0.00044358670129440725,8.549751328246202e-06
90,0.0013951337896287441,0.0009493150864727795,0.00043757344246841967,8.245194294431712e-06
91,0.0013797791907563806,0.0009404034353792667,0.00043143017683178186,7.945532161102165e-06
92,0.001364491181448102,0.0009316522628068924,0.0004251875216141343,7.65136610425543e-06
93,0.0013492696452885866,0.000923029612749815,0.00041887679253704846,7.363277291005943e-06
94,0.0013341170269995928,0.0009145073709078133,0.00041252790833823383,7.081784133333713e-06
95,0.00131903903093189,0.0009060640004463494,0.0004061677900608629,6.807298177591292e-06
96,0.0013040406629443169,0.000897682795766741,0.0003998177999164909,6.540113645314705e-06
97,0.0012891327496618032,0.0008893550839275122,0.0003934972919523716,6.280390607571462e-06
98,0.0012743264669552445,0.0008810763247311115,0.00038722195313312113,6.028163170412881e-06
99,0.0012596376473084092,0.000872847915161401,0.00038100630627013743,5.7833535720419604e-06
100,0.0012450801441445947,0.0008646710775792599,0.0003748632443603128,5.545794920180924e-06
101,0.0012306701391935349,0.0008565504685975611,0.00036880440893583,5.315257112670224e-06
102,0.0012164205545559525,0.0008484890568070114,0.00036284004454500973,5.091480943519855e-06
103,0.0012023417511954904,0.0008404881809838116,0.00035697934799827635,4.8742022045189515e-06
104,0.0011884378036484122,0.000832545745652169,0.000351228954968974,4.663177151087439e-06
105,0.0011747117387130857,0.0008246595971286297,0.00034559390041977167,4.458203420654172e-06
106,0.0011611608788371086,0.0008168232161551714,0.000340078491717577,4.259132310835412e-06
107,0.0011477821972221136,0.0008090311312116683,0.0003346850862726569,4.065870598424226e-06
108,0.0011345719685778022,0.0008012771140784025,0.0003294165071565658,3.878383267874597e-06
109,0.0011215258855372667,0.0007935553439892828,0.00032427386031486094,3.6966810057492694e-06
110,0.001108639407902956,0.0007858608732931316,0.0003192576696164906,3.520811333146412e-06
111,0.0010959100909531116,0.0007781912572681904,0.0003143680514767766,3.35083882418985e-06
112,0.0010833333944901824,0.0007705436437390745,0.0003096028231084347,3.186834192092647e-06
113,0.0010709073394536972,0.0007629184983670712,0.0003049600054509938,3.0288547350210138e-06
114,0.0010586273856461048,0.0007553158211521804,0.0003004345635417849,2.876933876905241e-06
115,0.0010464910883456469,0.0007477376493625343,0.0002960223937407136,2.7310729819873814e-06
116,0.0010344957699999213,0.0007401869515888393,0.00029171755886636674,2.591235897853039e-06
117,0.0010226392187178135,0.0007326671038754284,0.0002875147620216012,2.4573482733103447e-06
118,0.0010109205031767488,0.0007251822971738875,0.00028340882272459567,2.329300968995085e-06
119,0.0009993389248847961,0.0007177373045124114,0.0002793945895973593,2.206958015449345e-06
120,0.0009878957644104958,0.0007103377138264477,0.0002754679589997977,2.0901636617054464e-06
121,0.0009765923023223877,0.0007029894622974098,0.00027162415790371597,1.9787535165960435e-06
122,0.0009654287714511156,0.0006956970319151878,0.00026785916998051107,1.8725623931459268e-06
123,0.0009544065687805414,0.0006884666508994997,0.0002641684841364622,1.7714341993269045e-06
124,0.0009435268002562225,0.0006813036743551493,0.0002605479094199836,1.6752276223996887e-06
125,0.0009327894658781588,0.0006742127588950098,0.0002569928765296936,1.5838212448215927e-06
126,0.0009221949148923159,0.0006671983865089715,0.0002534993982408196,1.4971151358622592e-06
127,0.0009117415174841881,0.000660263525787741,0.00025006296345964074,1.415030965290498e-06
128,0.0009014308452606201,0.0006534124258905649,0.000246680952841416,1.337508365395479e-06
129,0.0008912616758607328,0.0006466470076702535,0.0002433501649647951,1.2645026572499773e-06
130,0.0008812336600385606,0.0006399691919796169,0.0002400684606982395,1.1959789389948128e-06
131,0.0008713458082638681,0.0006333795026876032,0.00023683438485022634,1.1319071973048267e-06
132,0.0008615973056294024,0.0006268786382861435,0.0002336464385734871,1.0722573051680229e-06
133,0.0008519868715666234,0.0006204664241522551,0.00023050345771480352,1.0169956112804357e-06
134,0.0008425137493759394,0.0006141421035863459,0.00022740557324141264,9.660813020673231e-07
135,0.0008331764256581664,0.0006079049780964851,0.00022435199934989214,9.194657195621403e-07
136,0.000823972572106868,0.0006017528939992189,0.00022134259052108973,8.770910540079058e-07
137,0.0008149014902301133,0.00059568538563326,0.0002183772303396836,8.388921628466051e-07
138,0.0008059620158746839,0.0005897007649764419,0.0002154564717784524,8.047969117797038e-07
139,0.000797152635641396,0.0005837976350449026,0.00021258025662973523,7.747286758785776e-07
140,0.0007884717197157443,0.0005779742496088147,0.00020974887593183666,7.48608840694942e-07
141,0.0007799187442287803,0.000572229502722621,0.00020696288265753537,7.263582233463239e-07
142,0.0007714924868196249,0.0005665618809871376,0.00020422266970854253,7.078987209752086e-07
143,0.0007631910848431289,0.0005609692889265716,0.00020152865909039974,6.931551297384431e-07
144,0.0007550139562226832,0.0005554509116336703,0.00019888096721842885,6.820547469033045e-07
145,0.0007469594711437821,0.0005500045954249799,0.00019628035079222172,6.745277687514317e-07
146,0.0007390264072455466,0.0005446288269013166,0.00019372710085008293,6.705069495183125e-07
147,0.0007312135421670973,0.0005393218016251922,0.00019122182857245207,6.699262939946493e-07
148,0.0007235199445858598,0.00053408247185871,0.00018876475223805755,6.727205459355901e-07
149,0.0007159441593103111,0.0005289089749567211,0.00018635638116393238,6.788239375055127e-07
150,0.0007084843819029629,0.0005237997975200415,0.0001839963806560263,6.881692797833239e-07
151,0.0007011399720795453,0.0005187540664337575,0.0001816852018237114,7.006879059190396e-07
152,0.0006939093000255525,0.0005137704429216683,0.00017942253907676786,7.16308761639084e-07
153,0.0006867909105494618,0.0005088479374535382,0.00017720799951348454,7.349591442107339e-07
154,0.0006797832902520895,0.0005039857351221144,0.0001750409574015066,7.56564929815795e-07
155,0.000672884751111269,0.0004991828463971615,0.00017292085976805538,7.810504030203447e-07
156,0.000666094827465713,0.0004944392712786794,0.00017084724095184356,8.083401326075546e-07
157,0.0006594110163860023,0.0004897537874057889,0.00016881886404007673,8.383587442040152e-07
158,0.0006528322119265795,0.0004851260455325246,0.00016683514695614576,8.710320571481134e-07
159,0.0006463566678576171,0.00048055543447844684,0.00016489492554683238,9.062870844900317e-07
160,0.0006399832782335579,0.0004760418087244034,0.00016299739945679903,9.440526014259376e-07
161,0.0006337103550322354,0.00047158493543975055,0.00016114120080601424,9.84259258984821e-07
162,0.0006275366176851094,0.0004671838541980833,0.0001593259075889364,1.0268391861245618e-06
163,0.0006214605527929962,0.00046283891424536705,0.00015754993364680558,1.0717262739490252e-06
164,0.0006154809379950166,0.0004585495626088232,0.00015581250772811472,1.1188557209607097e-06
165,0.0006095952703617513,0.0004543148388620466,0.0001541122474009171,1.1681632940963027e-06
166,0.0006038033170625567,0.00045013506314717233,0.00015244867245201021,1.219585783474031e-06
167,0.0005981030990369618,0.0004460096824914217,0.0001508203276898712,1.2730607750199852e-06
168,0.0005924931028857827,0.0004419382894411683,0.0001492262672400102,1.328526423094445e-06
169,0.0005869718152098358,0.00043792021460831165,0.00014766569074708968,1.3859209957445273e-06
170,0.0005815386539325118,0.00043395537068136036,0.00014613807434216142,1.4451844663199154e-06
171,0.0005761915817856789,0.0004300435248296708,0.00014464180276263505,1.5062571492308052e-06
172,0.0005709289107471704,0.00042618336738087237,0.00014317645400296897,1.5690808368162834e-06
173,0.0005657501751556993,0.0004223753057885915,0.00014174127136357129,1.63359914040484e-06
174,0.0005606532795354724,0.00041861835052259266,0.0001403351197950542,1.69975692188018e-06
175,0.0005556372925639153,0.00041491235606372356,0.00013895747542846948,1.7675009758022497e-06
176,0.0005506999441422522,0.00041125586722046137,0.00013760727597400546,1.8367798020335613e-06
177,0.0005458412342704833,0.00040764923323877156,0.00013628446322400123,1.9075432646786794e-06
178,0.0005410588928498328,0.00040409143548458815,0.000134987712954171,1.979742819457897e-06
179,0.0005363523960113525,0.00040058212471194565,0.0001337169378530234,2.05333026315202e-06
180,0.0005317194736562669,0.000397120340494439,0.00013247091555967927,2.1282598936522845e-06
181,0.0005271594855003059,0.0003937055298592895,0.00013124948600307107,2.204484417234198e-06
182,0.0005226709763519466,0.0003903369652107358,0.00013005205255467445,2.281959268657374e-06
183,0.0005182528984732926,0.00038701435551047325,0.00012887791672255844,2.3606387458130484e-06
184,0.000513903854880482,0.00038373659481294453,0.00012772678746841848,2.4404780560871586e-06
185,0.0005096224485896528,0.00038050321745686233,0.0001265978062292561,2.5214324068656424e-06
186,0.0005054079811088741,0.00037731367046944797,0.00012549087114166468,2.603457687655464e-06
187,0.0005012587644159794,0.0003741671098396182,0.00012440516729839146,2.686509787963587e-06
188,0.0004971737507730722,0.0003710626915562898,0.00012334049097262323,2.7705466436600545e-06
189,0.0004931517178192735,0.00036800024099648,0.00012229591084178537,2.8555271001096116e-06
190,0.0004891918506473303,0.00036497871042229235,0.00012127173249609768,2.941409547929652e-06
191,0.0004852927231695503,0.00036199772148393095,0.00012026682816212997,3.028154651474324e-06
192,0.00048145331675186753,0.0003590564301703125,0.000119281183287967,3.1157248940871796e-06
193,0.00047767278738319874,0.0003561546327546239,0.00011831408482976258,3.2040834412327968e-06
194,0.00047395017463713884,0.0003532915434334427,0.00011736544547602534,3.29319414049678e-06
195,0.00047028358676470816,0.0003504662017803639,0.00011643435573205352,3.3830219763331115e-06
196,0.0004666729364544153,0.00034767822944559157,0.0001155211721197702,3.4735332974378252e-06
197,0.00046311665209941566,0.00034492730628699064,0.00011462464317446575,3.564695134627982e-06
198,0.0004596139187924564,0.00034221261739730835,0.00011374480527592823,3.656475200841669e-06
199,0.00045616368879564106,0.0003395336680114269,0.00011288118548691273,3.7488418911379995e-06
200,0.00045276511809788644,0.0003368897596374154,0.00011203360190847889,3.8417633732024115e-06
201,0.0004494174208957702,0.00033428065944463015,0.00011120154522359371,3.935209406336071e-06
202,0.00044611943303607404,0.00033170575625263155,0.00011038450611522421,4.029151114082197e-06
203,0.00044287036871537566,0.0003291643224656582,0.000109582491859328,4.123558937862981e-06
204,0.0004396691219881177,0.00032665618346072733,0.00010879454930545762,4.218405592837371e-06
205,0.00043651522719301283,0.00032418061164207757,0.00010802096221596003,4.313663339416962e-06
206,0.0004334075783845037,0.0003217369958292693,0.00010726127220550552,4.409307166497456e-06
207,0.0004303449240978807,0.0003193248703610152,0.00010651474440237507,4.5053125177219044e-06
208,0.0004273274971637875,0.0003169442352373153,0.00010578159708529711,4.6016562009754125e-06
209,0.00042435387149453163,0.00031459404272027314,0.0001050615101121366,4.6983163883851375e-06
210,0.00042142311576753855,0.00031227405997924507,0.0001043537849909626,4.795271252078237e-06
211,0.00041853456059470773,0.0003099834721069783,0.00010365858906880021,4.892501692665974e-06
212,0.0004156875947955996,0.00030772227910347283,0.00010297531116520986,4.989987246517558e-06
213,0.0004128816945012659,0.0003054898988921195,0.00010230408952338621,5.087711087981006e-06
214,0.00041011549183167517,0.00030328560387715697,0.00010164421837544069,5.185655027162284e-06
215,0.000407388957682997,0.00030110919033177197,0.00010099597420776263,5.2838017836620566e-06
216,0.0004047010443173349,0.0002989602508023381,0.00010035865852842107,5.382134077080991e-06
217,0.0004020511987619102,0.00029683837783522904,9.973219130188227e-05,5.480637355503859e-06
218,0.00039943857700563967,0.0002947427856270224,9.911650704452768e-05,5.5792943385313265e-06
219,0.0003968629171140492,0.00029267356148920953,9.851125651039183e-05,5.678090928995516e-06
220,0.00039432322955690324,0.0002906299487221986,9.791625052457675e-05,5.777011665486498e-06
221,0.00039181907777674496,0.00028861165628768504,9.733137994771823e-05,5.876042905583745e-06
222,0.00038934979238547385,0.00028661833493970335,9.675628825789317e-05,5.975172371108783e-06
223,0.00038691473309881985,0.0002846495190169662,9.619084448786452e-05,6.074385964893736e-06
224,0.0003845133469440043,0.0002827048010658473,9.563486673869193e-05,6.1736718635074794e-06
225,0.0003821453428827226,0.0002807841810863465,9.508815128356218e-05,6.273019153013593e-06
226,0.0003798098478000611,0.0002788869314827025,9.455047984374687e-05,6.372416464728303e-06
227,0.00037750598858110607,0.000277012528385967,9.40216050366871e-05,6.47185288471519e-06
228,0.0003752343181986362,0.00027516137924976647,9.350162144983187e-05,6.571318863279885e-06
229,0.0003729933232534677,0.00027333234902471304,9.299017256125808e-05,6.670804850728018e-06
230,0.00037078288733027875,0.00027152555412612855,9.248703281627968e-05,6.770300842617871e-06
231,0.0003686024865601212,0.00026974049978889525,9.199216583510861e-05,6.86979956299183e-06
232,0.00036645139334723353,0.0002679768076632172,9.150529513135552e-05,6.969290097913472e-06
233,0.0003643295494839549,0.0002662345068529248,9.102626790991053e-05,7.068765171425184e-06
234,0.0003622362273745239,0.00026451298617757857,9.05550186871551e-05,7.1682161433272995e-06
235,0.0003601711359806359,0.00026281210011802614,9.009140921989456e-05,7.267637556651607e-06
236,0.0003581336059141904,0.00026113129570148885,8.96352794370614e-05,7.367017587966984e-06
237,0.00035612343344837427,0.00025947060203179717,8.918647654354572e-05,7.466351235052571e-06
238,0.00035413980367593467,0.0002578295534476638,8.874462218955159e-05,7.5656316766981035e-06
239,0.0003521830076351762,0.00025620803353376687,8.831013838062063e-05,7.66485209169332e-06
240,0.00035025199758820236,0.0002546055766288191,8.788242121227086e-05,7.764004294585902e-06
241,0.00034834674443118274,0.0002530221827328205,8.746146340854466e-05,7.863084647397045e-06
242,0.00034646663698367774,0.0002514572406653315,8.704730862518772e-05,7.962085874169134e-06
243,0.00034461109316907823,0.000249910430284217,8.663965127198026e-05,8.06100433692336e-06
244,0.0003427800547797233,0.000248381809797138,8.62384113133885e-05,8.159833669196814e-06
245,0.00034097323077730834,0.00024687114637345076,8.584353054175153e-05,8.258570233010687e-06
246,0.00033918992266990244,0.00024537782883271575,8.545489981770515e-05,8.357207661902066e-06
247,0.00033743001404218376,0.0002439019299345091,8.507232996635139e-05,8.455741408397444e-06
248,0.00033569344668649137,0.00024244330415967852,8.469598833471537e-05,8.554168744012713e-06
249,0.00033397911465726793,0.00024100119480863214,8.432543108938262e-05,8.652482392790262e-06
250,0.0003322875127196312,0.00023957608209457248,8.396074554184452e-05,8.750681445235386e-06
251,0.00033061750582419336,0.00023816688917577267,8.360185893252492e-05,8.848760444379877e-06
252,0.00032896935590542853,0.00023677408171352,8.324856025865301e-05,8.946715752244927e-06
253,0.0003273425390943885,0.0002353972668061033,8.29007476568222e-05,9.04454464034643e-06
254,0.00032573696807958186,0.00023403622617479414,8.255851571448147e-05,9.142242561210878e-06
255,0.0003241516533307731,0.0002326903777429834,8.222148608183488e-05,9.239806786354166e-06
256,0.0003225872351322323,0.0002313600416528061,8.188997162505984e-05,9.337234587292187e-06
257,0.00032104295678436756,0.00023004472313914448,8.15636885818094e-05,9.434520507056732e-06
258,0.000319518381729722,0.0002287443057866767,8.12424041214399e-05,9.5316645456478e-06
259,0.0003180134226568043,0.00022745865862816572,8.092612551990896e-05,9.628662155591883e-06
260,0.00031652781763114035,0.0002261874033138156,8.06149109848775e-05,9.725510608404875e-06
261,0.0003150612174067646,0.00022493051073979586,8.030847675399855e-05,9.822209904086776e-06
262,0.00031361362198367715,0.00022368784993886948,8.000701200217009e-05,9.918752766679972e-06
263,0.00031218433286994696,0.00022245912987273186,7.97100510681048e-05,1.0015141015173867e-05
264,0.0003107734373770654,0.00022124405950307846,7.941800868138671e-05,1.0111371011589654e-05
265,0.0003093804989475757,0.0002200426097260788,7.913044828455895e-05,1.0207440027443226e-05
266,0.00030800531385466456,0.00021885450405534357,7.884746446507052e-05,1.0303343515261076e-05
267,0.0003066477947868407,0.0002176797279389575,7.856896991143003e-05,1.0399082384537905e-05
268,0.00030530765070579946,0.00021651822316925973,7.829475362086669e-05,1.0494652997294907e-05
269,0.00030398424132727087,0.00021536934946198016,7.802486652508378e-05,1.0590053534542676e-05
270,0.00030267826514318585,0.00021423357247840613,7.775938138365746e-05,1.0685283086786512e-05
271,0.000301388674415648,0.0002131103683495894,7.749794895062223e-05,1.0780335287563503e-05
272,0.00030011552735231817,0.00021199947514105588,7.724084571236745e-05,1.087521104636835e-05
273,0.0002988584747072309,0.0002109008637489751,7.698771514697e-05,1.0969910363201052e-05
274,0.000297617691103369,0.00020981467969249934,7.673858635826036e-05,1.10644277810934e-05
275,0.0002963926235679537,0.00020874031179118901,7.64935466577299e-05,1.1158763300045393e-05
276,0.00029518301016651094,0.00020767783280462027,7.625226135132834e-05,1.1252914191572927e-05
277,0.00029398882179521024,0.00020662702445406467,7.601491233799607e-05,1.1346878636686597e-05
278,0.0002928099420387298,0.00020558794494718313,7.578133954666555e-05,1.1440655725891702e-05
279,0.0002916462253779173,0.00020456023048609495,7.555173942819238e-05,1.1534243640198838e-05
280,0.000290497177047655,0.00020354380831122398,7.5325726356823e-05,1.1627638741629198e-05
281,0.0002893628552556038,0.00020253863476682454,7.510338036809117e-05,1.172084012068808e-05
282,0.0002882428525481373,0.00020154437515884638,7.488463597837836e-05,1.1813846867880784e-05
283,0.00028713737265206873,0.00020056100038345903,7.466969691449776e-05,1.1906658983207308e-05
284,0.00028604594990611076,0.00019958859775215387,7.445806113537401e-05,1.1999269190710038e-05
285,0.00028496855520643294,0.00019862687622662634,7.42499905754812e-05,1.2091682037862483e-05
286,0.00028390492661856115,0.00019767555932048708,7.404547795886174e-05,1.2183892067696434e-05
287,0.00028285474400036037,0.00019673439965117723,7.384443597402424e-05,1.2275901099201292e-05
288,0.0002818182110786438,0.0001958037755684927,7.364674092968926e-05,1.236770458490355e-05
289,0.00028079486219212413,0.0001948832650668919,7.34522909624502e-05,1.2459303434297908e-05
290,0.00027978475554846227,0.0001939729118021205,7.3261144279968e-05,1.2550694918900263e-05
291,0.00027878780383616686,0.00019307248294353485,7.307341729756445e-05,1.2641878129215911e-05
292,0.00027780322125181556,0.00019218161469325423,7.288877532118931e-05,1.2732853065244853e-05
293,0.00027683141524903476,0.00019130056898575276,7.270722562680021e-05,1.282361427001888e-05
294,0.00027587232762016356,0.00019042904023081064,7.252911746036261e-05,1.2914164472022094e-05
295,0.0002749257255345583,0.0001895671448437497,7.235408702399582e-05,1.3004498214286286e-05
296,0.0002739911724347621,0.0001887145481305197,7.218200335046276e-05,1.3094620044284966e-05
297,0.00027306846459396183,0.0001878709881566465,7.20129391993396e-05,1.3184524505049922e-05
298,0.00027215812588110566,0.0001870368723757565,7.184703281382099e-05,1.3274213415570557e-05
299,0.00027125957421958447,0.0001862118224380538,7.168405136326328e-05,1.3363684047362767e-05
300,0.00027037234394811094,0.00018539553275331855,7.152387115638703e-05,1.3452933671942446e-05
301,0.0002694966970011592,0.0001845880615292117,7.136668864404783e-05,1.3541963198804297e-05
302,0.0002686326624825597,0.00018378952518105507,7.121237285900861e-05,1.3630769899464212e-05
303,0.00026777965831570327,0.00018299945804756135,7.106084376573563e-05,1.3719355592911597e-05
304,0.0002669377136044204,0.00018221793288830668,7.091207953635603e-05,1.3807712093694136e-05
305,0.0002661068574525416,0.00018144478963222355,7.076620386214927e-05,1.3895846677769441e-05
306,0.00026528676971793175,0.00018068007193505764,7.0622940256726e-05,1.3983752978674602e-05
307,0.00026447739219293,0.00017992356151808053,7.04823833075352e-05,1.4071432815399021e-05
308,0.0002636787830851972,0.00017917536024469882,7.034451846266165e-05,1.4158883459458593e-05
309,0.0002628904767334461,0.0001784351043170318,7.020929479040205e-05,1.4246104001358617e-05
310,0.00026211253134533763,0.0001777029101504013,7.007653039181605e-05,1.4333092622109689e-05
311,0.0002613445685710758,0.00017697839939501137,6.994631985435262e-05,1.4419848412217107e-05
312,0.00026058685034513474,0.0001762619212968275,6.981855403864756e-05,1.4506369552691467e-05
313,0.00025983891100622714,0.00017555285012349486,6.969340756768361e-05,1.4592658772016875e-05
314,0.0002591009542811662,0.00017485152056906372,6.95706985425204e-05,1.4678708794235718e-05
315,0.00025837263092398643,0.0001741578453220427,6.945027416804805e-05,1.4764520528842695e-05
316,0.0002576537663117051,0.00017347153334412724,6.93321562721394e-05,1.4850095794827212e-05
317,0.0002569445059634745,0.00017279259918723255,6.921649037394673e-05,1.493543095421046e-05
318,0.0002562445297371596,0.00017212092643603683,6.910309457452968e-05,1.5020526916487142e-05
319,0.0002555537212174386,0.00017145631136372685,6.899203435750678e-05,1.5105378224689048e-05
320,0.00025487205130048096,0.00017079897224903107,6.8883084168192e-05,1.5189988516794983e-05
321,0.0002541994326747954,0.0001701486762613058,6.877638952573761e-05,1.5274354154826142e-05
322,0.00025353554519824684,0.00016950529243331403,6.867177580716088e-05,1.5358475138782524e-05
323,0.0002528804761823267,0.00016886868979781866,6.856944673927501e-05,1.5442348740180023e-05
324,0.0002522338181734085,0.00016823894111439586,6.846890755696222e-05,1.552597495901864e-05
325,0.0002515960077289492,0.00016761610459070653,6.83705584378913e-05,1.560935197630897e-05
326,0.00025096640456467867,0.00016699977277312428,6.827414472354576e-05,1.5692479792051017e-05
327,0.0002503450377844274,0.00016638990200590342,6.817978282924742e-05,1.5775352949276567e-05
328,0.00024973219842649996,0.00016578684153500944,6.808737816754729e-05,1.585797690495383e-05
329,0.00024912712979130447,0.00016518998018000275,6.799680704716593e-05,1.5940346202114597e-05
330,0.00024853015202097595,0.0001645996089791879,6.790807674406096e-05,1.602246265974827e-05
331,0.00024794109049253166,0.00016401549510192126,6.782128912163898e-05,1.6104319001897238e-05
332,0.0002473596250638366,0.00016343749302905053,6.773621862521395e-05,1.6185922504519112e-05
333,0.0002467860758770257,0.0001628658064873889,6.765301804989576e-05,1.6267264072666876e-05
334,0.0002462199772708118,0.0001623001298867166,6.757150549674407e-05,1.6348347344319336e-05
335,0.00024566135834902525,0.00016174053598660976,6.749165913788602e-05,1.6429172319476493e-05
336,0.0002451100735925138,0.00016118692292366177,6.741341348970309e-05,1.650973536015954e-05
337,0.00024456618120893836,0.0001606391160748899,6.7337037762627e-05,1.659003464737907e-05
338,0.00024402955023106188,0.0001600972900632769,6.726218271069229e-05,1.6670072000124492e-05
339,0.0002434996422380209,0.0001595610665390268,6.718874647049233e-05,1.6749843780416995e-05
340,0.0002429771120660007,0.00015903082385193557,6.711694004479796e-05,1.682934998825658e-05
341,0.0002424611448077485,0.00015850583440624177,6.70467343297787e-05,1.6908586985664442e-05
342,0.0002419523079879582,0.00015798676759004593,6.697797653032467e-05,1.6987556591629982e-05
343,0.0002414498885627836,0.00015747295401524752,6.691068119835109e-05,1.7066256987163797e-05
344,0.00024095430853776634,0.00015696484479121864,6.684477557428181e-05,1.7144688172265887e-05
345,0.00024046529142651707,0.00015646206156816334,6.678037607343867e-05,1.7222846508957446e-05
346,0.0002399825898464769,0.00015596453158650547,6.671732990071177e-05,1.730073563521728e-05
347,0.00023950650938786566,0.0001554725895402953,6.665557157248259e-05,1.7378348275087774e-05
348,0.00023903645342215896,0.0001549856533529237,6.659511564066634e-05,1.7455688066547737e-05
349,0.00023857262567617,0.00015450382488779724,6.653603486483917e-05,1.7532753190607764e-05
350,0.00023811511346139014,0.0001540272933198139,6.647827103734016e-05,1.7609541828278452e-05
351,0.00023766353842802346,0.00015355572395492345,6.64217586745508e-05,1.7686055798549205e-05
352,0.00023721800243947655,0.0001530892332084477,6.636649050051346e-05,1.7762291463441215e-05
353,0.00023677830176893622,0.00015262769011314958,6.631236465182155e-05,1.7838248822954483e-05
354,0.00023634455283172429,0.00015217121108435094,6.625941023230553e-05,1.791392787708901e-05
355,0.00023591645003762096,0.00015171941777225584,6.620771455345675e-05,1.798932862584479e-05
356,0.0002354938624193892,0.00015127245569601655,6.615697202505544e-05,1.8064447431243025e-05
357,0.00023507708101533353,0.00015083035395946354,6.61074518575333e-05,1.813928975025192e-05
358,0.00023466594575438648,0.00015039289428386837,6.605920498259366e-05,1.8213846487924457e-05
359,0.00023426013649441302,0.00014996017853263766,6.601183122256771e-05,1.8288123101228848e-05
360,0.00023385956592392176,0.00014953203208278865,6.596542516490445e-05,1.8362115952186286e-05
361,0.00023346443776972592,0.00014910836762282997,6.592024146812037e-05,1.8435826859786175e-05
362,0.00023307453375309706,0.00014868933067191392,6.587594543816522e-05,1.850925400503911e-05
363,0.00023268985387403518,0.00014827473205514252,6.583271169802174e-05,1.8582399206934497e-05
364,0.00023231042723637074,0.0001478646881878376,6.57904747640714e-05,1.8655258827493526e-05
365,0.0002319357154192403,0.0001474588643759489,6.574901635758579e-05,1.87278328667162e-05
366,0.00023156624229159206,0.0001470573915867135,6.570871482836083e-05,1.8800123143591918e-05
367,0.00023120165860746056,0.0001466602407163009,6.566929369000718e-05,1.887212783913128e-05
368,0.0002308418188476935,0.00014626720803789794,6.563076021848246e-05,1.8943846953334287e-05
369,0.000230486984946765,0.0001458786427974701,6.559306348208338e-05,1.901528230519034e-05
370,0.0002301367640029639,0.00014549396291840822,6.555637810379267e-05,1.908642843773123e-05
371,0.00022979128698352724,0.0001451135758543387,6.552042032126337e-05,1.9157292626914568e-05
372,0.0002294503792654723,0.00014473720511887223,6.548530654981732e-05,1.9227869415772147e-05
373,0.00022911418636795133,0.0001443649671273306,6.545106589328498e-05,1.9298158804303966e-05
374,0.0002287824172526598,0.00014399657084140927,6.541767652379349e-05,1.936816261149943e-05
375,0.00022845507191959769,0.00014363217633217573,6.538502202602103e-05,1.9437880837358534e-05
376,0.0002281320048496127,0.00014327156532090157,6.535312422784045e-05,1.950731166289188e-05
377,0.00022781340521760285,0.00014291497063823044,6.532198312925175e-05,1.9576455088099465e-05
378,0.0002274992293678224,0.0001425621594535187,6.52917442494072e-05,1.9645312931970693e-05
379,0.00022718898253515363,0.00014221308811102062,6.526200013468042e-05,1.9713885194505565e-05
380,0.0002268831740366295,0.00014186774205882102,6.523324555018917e-05,1.9782173694693483e-05
381,0.00022658142552245408,0.00014152612129691988,6.520513124996796e-05,1.9850171156576835e-05
382,0.00022628380975220352,0.00014118819672148675,6.517771544167772e-05,1.9917886675102636e-05
383,0.00022599007934331894,0.00014085383736528456,6.51509253657423e-05,1.9985312974313274e-05
384,0.00022570049623027444,0.00014052310143597424,6.512495019705966e-05,2.005245551117696e-05
385,0.0002254147984785959,0.00014019595982972533,6.509952072519809e-05,2.011931428569369e-05
386,0.000225132898776792,0.0001398721506120637,6.507487705675885e-05,2.0185883840895258e-05
387,0.00022485494264401495,0.00013955202302895486,6.505075725726783e-05,2.025216781476047e-05
388,0.00022458065359387547,0.00013923512597102672,6.502735777758062e-05,2.0318166207289323e-05
389,0.00022431039542425424,0.00013892191054765135,6.500459858216345e-05,2.0383880837471224e-05
390,0.00022404358605854213,0.0001386118383379653,6.498242873931304e-05,2.0449311705306172e-05
391,0.0002237803564639762,0.0001383051130687818,6.496079004136845e-05,2.0514456991804764e-05
392,0.00022352091036736965,0.00013800170563627034,6.49398862151429e-05,2.0579320334945805e-05
393,0.00022326494217850268,0.00013770136865787208,6.491968088084832e-05,2.0643899915739894e-05
394,0.00022301248100120574,0.0001374044659314677,6.489982479251921e-05,2.070819573418703e-05
395,0.00022276349773164839,0.00013711066276300699,6.4880630816333e-05,2.0772205971297808e-05
396,0.0002225180360255763,0.00013681998825632036,6.48621135042049e-05,2.083593608404044e-05
397,0.00022227581939660013,0.00013653238420374691,6.48440545774065e-05,2.0899380615446717e-05
398,0.00022203703701961786,0.00013624786515720189,6.482662865892053e-05,2.096254138450604e-05
399,0.00022180142696015537,0.00013596632925327867,6.48096829536371e-05,2.102542384818662e-05
